Accuracy,ClassificationReport,F1-Macro,Precision-Macro,Recall-Macro
0.92,"              precision    recall  f1-score   support

           0       0.92      0.99      0.95       337
           1       0.95      0.65      0.77        88

    accuracy                           0.92       425
   macro avg       0.93      0.82      0.86       425
weighted avg       0.92      0.92      0.91       425
",0.8609186109186109,0.9325342465753425,0.8194125977879687
