Accuracy,ClassificationReport,F1-Macro,Precision-Macro,Recall-Macro
0.8211764705882353,"              precision    recall  f1-score   support

           0       0.94      0.85      0.89       379
           1       0.32      0.59      0.42        46

    accuracy                           0.82       425
   macro avg       0.63      0.72      0.65       425
weighted avg       0.88      0.82      0.84       425
",0.6549145299145299,0.6328550481776288,0.7182803716875072
